{
	"gt.hmx.bingyang_daxue":{"category":"music","sounds":[{"name":"bingyang_daxue","stream":true}]},
	"gt.hmx.daxue_bingyang":{"category":"music","sounds":[{"name":"daxue_bingyang","stream":true}]},
	"gt.hmx.daxue_hangtianzhongxin":{"category":"music","sounds":[{"name":"daxue_hangtianzhongxin","stream":true}]},
	"gt.hmx.hangtianzhongxin_daxue":{"category":"music","sounds":[{"name":"hangtianzhongxin_daxue","stream":true}]},
	"gt.hmx.hangtianzhongxin_maoyicun":{"category":"music","sounds":[{"name":"hangtianzhongxin_maoyicun","stream":true}]},
	"gt.hmx.jinhehuancun_maoyicun":{"category":"music","sounds":[{"name":"jinhehuancun_maoyicun","stream":true}]},
	"gt.hmx.jinhehuancun_shizhengshangcheng":{"category":"music","sounds":[{"name":"jinhehuancun_shizhengshangcheng","stream":true}]},
	"gt.hmx.maoyicun_hangtianzhongxin":{"category":"music","sounds":[{"name":"maoyicun_hangtianzhongxin","stream":true}]},
	"gt.hmx.maoyicun_jinhehuancun":{"category":"music","sounds":[{"name":"maoyicun_jinhehuancun","stream":true}]},
	"gt.hmx.shizhengshangcheng_jinhehuancun":{"category":"music","sounds":[{"name":"shizhengshangcheng_jinhehuancun","stream":true}]},
	"gt.hmx.shizhengshangcheng_wenmingzhen":{"category":"music","sounds":[{"name":"shizhengshangcheng_wenmingzhen","stream":true}]},
	"gt.hmx.wenmingdong_wenmingzhen":{"category":"music","sounds":[{"name":"wenmingdong_wenmingzhen","stream":true}]},
	"gt.hmx.wenmingzhen_shizhengshangcheng":{"category":"music","sounds":[{"name":"wenmingzhen_shizhengshangcheng","stream":true}]},
	"gt.hmx.wenmingzhen_wenmingdong":{"category":"music","sounds":[{"name":"wenmingzhen_wenmingdong","stream":true}]}
}